{"cameraMode":{"drawMode":0,"name":"Shaded","section":"Shading Mode"},"sceneLighting":false,"audioPlay":false,"sceneViewState":{"showFog":true,"showMaterialUpdate":false,"showSkybox":false,"showFlares":true,"showImageEffects":true,"showParticleSystems":true},"in2DMode":false,"pivot":{"x":1.2517223358154297,"y":0.09704136848449707,"z":-3.668423652648926},"rotation":{"x":0.49654752016067507,"y":0.02733421139419079,"z":-0.01564553752541542,"w":0.8674426078796387},"size":8.77157211303711,"orthographic":false}