{"cameraMode":{"drawMode":0,"name":"Shaded","section":"Shading Mode"},"sceneLighting":false,"audioPlay":false,"sceneViewState":{"showFog":true,"showMaterialUpdate":false,"showSkybox":false,"showFlares":true,"showImageEffects":true,"showParticleSystems":true},"in2DMode":false,"pivot":{"x":-0.000008419156074523926,"y":-0.000004813075065612793,"z":0.0414530485868454},"rotation":{"x":0.3495559096336365,"y":-0.46181878447532656,"z":0.20457617938518525,"w":0.7891028523445129},"size":0.2827873229980469,"orthographic":false}