{"cameraMode":{"drawMode":0,"name":"Shaded","section":"Shading Mode"},"sceneLighting":false,"audioPlay":false,"sceneViewState":{"showFog":true,"showMaterialUpdate":false,"showSkybox":false,"showFlares":true,"showImageEffects":true,"showParticleSystems":true},"in2DMode":false,"pivot":{"x":-0.03447151184082031,"y":-0.1259986162185669,"z":0.0},"rotation":{"x":-0.07741037756204605,"y":0.8618455529212952,"z":-0.13846980035305024,"w":-0.48173847794532778},"size":2.848219394683838,"orthographic":false}