{"cameraMode":{"drawMode":0,"name":"Shaded","section":"Shading Mode"},"sceneLighting":false,"audioPlay":false,"sceneViewState":{"showFog":true,"showMaterialUpdate":false,"showSkybox":false,"showFlares":true,"showImageEffects":true,"showParticleSystems":true},"in2DMode":false,"pivot":{"x":-37.5,"y":7.330158233642578,"z":6.2502288818359379},"rotation":{"x":0.49861520528793337,"y":-0.0012993254931643606,"z":0.0007484675152227283,"w":0.8668245077133179},"size":24.832088470458986,"orthographic":false}