{"cameraMode":{"drawMode":0,"name":"Shaded","section":"Shading Mode"},"sceneLighting":false,"audioPlay":false,"sceneViewState":{"showFog":true,"showMaterialUpdate":false,"showSkybox":false,"showFlares":true,"showImageEffects":true,"showParticleSystems":true},"in2DMode":false,"pivot":{"x":-0.22238388657569886,"y":-0.08551639318466187,"z":-1.8013710975646973},"rotation":{"x":-0.003169782692566514,"y":0.9966756105422974,"z":-0.06618655472993851,"w":-0.04757567495107651},"size":3.4066853523254396,"orthographic":false}