{"cameraMode":{"drawMode":0,"name":"Shaded","section":"Shading Mode"},"sceneLighting":false,"audioPlay":false,"sceneViewState":{"showFog":true,"showMaterialUpdate":false,"showSkybox":false,"showFlares":true,"showImageEffects":true,"showParticleSystems":true},"in2DMode":false,"pivot":{"x":0.020758531987667085,"y":0.024751830846071245,"z":-0.1116529032588005},"rotation":{"x":0.030784187838435174,"y":-0.450833797454834,"z":0.015559941530227661,"w":0.891941249370575},"size":0.04501763731241226,"orthographic":false}