{"cameraMode":{"drawMode":0,"name":"Shaded","section":"Shading Mode"},"sceneLighting":false,"audioPlay":false,"sceneViewState":{"showFog":true,"showMaterialUpdate":false,"showSkybox":false,"showFlares":true,"showImageEffects":true,"showParticleSystems":true},"in2DMode":false,"pivot":{"x":-12.529417037963868,"y":-14.53039264678955,"z":117.69918823242188},"rotation":{"x":0.13162454962730409,"y":-0.11422708630561829,"z":0.015270343981683255,"w":0.9845783710479736},"size":28.67171287536621,"orthographic":false}