{"cameraMode":{"drawMode":0,"name":"Shaded","section":"Shading Mode"},"sceneLighting":false,"audioPlay":false,"sceneViewState":{"showFog":true,"showMaterialUpdate":false,"showSkybox":false,"showFlares":true,"showImageEffects":true,"showParticleSystems":true},"in2DMode":false,"pivot":{"x":-0.6939289569854736,"y":1.855499267578125,"z":-0.1401381492614746},"rotation":{"x":0.028253844007849695,"y":0.13007710874080659,"z":-0.0037082021590322258,"w":0.9910942912101746},"size":2.3462588787078859,"orthographic":true}