{"cameraMode":{"drawMode":0,"name":"Shaded","section":"Shading Mode"},"sceneLighting":false,"audioPlay":false,"sceneViewState":{"showFog":true,"showMaterialUpdate":false,"showSkybox":false,"showFlares":true,"showImageEffects":true,"showParticleSystems":true},"in2DMode":false,"pivot":{"x":0.13435553014278413,"y":0.21881085634231568,"z":-0.37473487854003909},"rotation":{"x":0.00000833609465189511,"y":0.9980990886688232,"z":-0.06177159398794174,"w":0.00030132048414088786},"size":2.637338876724243,"orthographic":false}