{"cameraMode":{"drawMode":0,"name":"Shaded","section":"Shading Mode"},"sceneLighting":false,"audioPlay":false,"sceneViewState":{"showFog":true,"showMaterialUpdate":false,"showSkybox":false,"showFlares":true,"showImageEffects":true,"showParticleSystems":true},"in2DMode":false,"pivot":{"x":-15.00000286102295,"y":5.243228912353516,"z":6.249998569488525},"rotation":{"x":0.49861520528793337,"y":-0.0012993254931643606,"z":0.0007484675152227283,"w":0.8668245077133179},"size":17.593570709228517,"orthographic":false}