{"cameraMode":{"drawMode":0,"name":"Shaded","section":"Shading Mode"},"sceneLighting":false,"audioPlay":false,"sceneViewState":{"showFog":true,"showMaterialUpdate":false,"showSkybox":false,"showFlares":true,"showImageEffects":true,"showParticleSystems":true},"in2DMode":false,"pivot":{"x":-43.872562408447269,"y":-5.617728233337402,"z":-42.305259704589847},"rotation":{"x":0.1160803735256195,"y":-0.8250972032546997,"z":0.18363995850086213,"w":0.521552562713623},"size":18.528276443481447,"orthographic":false}