{"cameraMode":{"drawMode":0,"name":"Shaded","section":"Shading Mode"},"sceneLighting":false,"audioPlay":false,"sceneViewState":{"showFog":true,"showMaterialUpdate":false,"showSkybox":false,"showFlares":true,"showImageEffects":true,"showParticleSystems":true},"in2DMode":false,"pivot":{"x":0.0774688869714737,"y":0.015300627797842026,"z":-0.013149356469511986},"rotation":{"x":0.14940516650676728,"y":0.020762799307703973,"z":-0.0031379424035549165,"w":0.9885532855987549},"size":0.007068132981657982,"orthographic":false}