{"cameraMode":{"drawMode":0,"name":"Shaded","section":"Shading Mode"},"sceneLighting":false,"audioPlay":false,"sceneViewState":{"showFog":true,"showMaterialUpdate":false,"showSkybox":false,"showFlares":true,"showImageEffects":true,"showParticleSystems":true},"in2DMode":false,"pivot":{"x":31.41875457763672,"y":-15.972896575927735,"z":-45.772125244140628},"rotation":{"x":-0.18157748878002168,"y":0.20858415961265565,"z":-0.03944408521056175,"w":-0.9601934552192688},"size":103.7957534790039,"orthographic":false}