{"cameraMode":{"drawMode":0,"name":"Shaded","section":"Shading Mode"},"sceneLighting":false,"audioPlay":false,"sceneViewState":{"showFog":true,"showMaterialUpdate":false,"showSkybox":false,"showFlares":true,"showImageEffects":true,"showParticleSystems":true},"in2DMode":false,"pivot":{"x":5.960464477539063e-8,"y":-0.00899997353553772,"z":5.875},"rotation":{"x":0.48433342576026919,"y":-0.5149303674697876,"z":0.4805717468261719,"w":0.5189605951309204},"size":4.517380714416504,"orthographic":true}