{"cameraMode":{"drawMode":0,"name":"Shaded","section":"Shading Mode"},"sceneLighting":false,"audioPlay":false,"sceneViewState":{"showFog":true,"showMaterialUpdate":false,"showSkybox":false,"showFlares":true,"showImageEffects":true,"showParticleSystems":true},"in2DMode":false,"pivot":{"x":-73.7054214477539,"y":-15.640678405761719,"z":-28.002029418945314},"rotation":{"x":0.06609096378087998,"y":0.9335180521011353,"z":-0.26288649439811709,"w":0.23468586802482606},"size":25.130084991455079,"orthographic":false}