{"cameraMode":{"drawMode":0,"name":"Shaded","section":"Shading Mode"},"sceneLighting":false,"audioPlay":false,"sceneViewState":{"showFog":true,"showMaterialUpdate":false,"showSkybox":false,"showFlares":true,"showImageEffects":true,"showParticleSystems":true},"in2DMode":false,"pivot":{"x":-3.75,"y":-0.5049072504043579,"z":4.066732406616211},"rotation":{"x":0.1509191244840622,"y":0.005931328050792217,"z":-0.0009039657306857407,"w":0.9885331988334656},"size":4.38057804107666,"orthographic":false}