{"cameraMode":{"drawMode":0,"name":"Shaded","section":"Shading Mode"},"sceneLighting":false,"audioPlay":false,"sceneViewState":{"showFog":true,"showMaterialUpdate":false,"showSkybox":false,"showFlares":true,"showImageEffects":true,"showParticleSystems":true},"in2DMode":false,"pivot":{"x":-55.701881408691409,"y":16.3466796875,"z":-248.5322723388672},"rotation":{"x":0.14873142540454865,"y":-0.8076645135879517,"z":0.23006288707256318,"w":0.5221404433250427},"size":66.06498718261719,"orthographic":true}