{"cameraMode":{"drawMode":0,"name":"Shaded","section":"Shading Mode"},"sceneLighting":false,"audioPlay":false,"sceneViewState":{"showFog":true,"showMaterialUpdate":false,"showSkybox":false,"showFlares":true,"showImageEffects":true,"showParticleSystems":true},"in2DMode":false,"pivot":{"x":-12.26857852935791,"y":9.068660736083985,"z":54.71364212036133},"rotation":{"x":-0.05907607078552246,"y":0.09807617962360382,"z":-0.0058320253156125549,"w":-0.9934095144271851},"size":56.40259552001953,"orthographic":false}