{"cameraMode":{"drawMode":0,"name":"Shaded","section":"Shading Mode"},"sceneLighting":false,"audioPlay":false,"sceneViewState":{"showFog":true,"showMaterialUpdate":false,"showSkybox":false,"showFlares":true,"showImageEffects":true,"showParticleSystems":true},"in2DMode":false,"pivot":{"x":-31.084373474121095,"y":1.3175582885742188,"z":-18.96885108947754},"rotation":{"x":-0.10593240708112717,"y":0.8427073955535889,"z":-0.17988955974578858,"w":-0.4962491989135742},"size":32.609275817871097,"orthographic":false}